selection_rank	run_accession	study_accession	sample_accession	scientific_name	library_strategy	omics_type	fastq_bytes	read_count	base_count	selection_reason	license_tag	download_status
1	ERR10451692	PRJEB57220	SAMEA111539340	Escherichia coli str. K-12 substr. MG1655	Tn-Seq	functional_genomics	28499321	1050353	78354413	pilot_pipeline_smoke_test	download_only	pending
2	SRR32574243	PRJNA1231458	SAMN47223694	Escherichia coli str. K-12 substr. MG1655	Tn-Seq	functional_genomics	30217947	868331	59914839	pilot_pipeline_smoke_test	download_only	pending
3	ERR10451693	PRJEB57220	SAMEA111539341	Escherichia coli str. K-12 substr. MG1655	Tn-Seq	functional_genomics	35381760	1381947	103078520	pilot_pipeline_smoke_test	download_only	pending
4	SRR32574242	PRJNA1231458	SAMN47223695	Escherichia coli str. K-12 substr. MG1655	Tn-Seq	functional_genomics	35764396	1014278	69985182	pilot_pipeline_smoke_test	download_only	pending
5	SRR13921543	PRJNA706563	SAMN02604091	Escherichia coli str. K-12 substr. MG1655	Bisulfite-Seq	methylomics	367793074	2006041	601812300	pilot_pipeline_smoke_test	download_only	pending
6	SRR16264717	PRJNA769733	SAMN22168675	Escherichia coli str. K-12 substr. MG1655	Bisulfite-Seq	methylomics	419380986	2789141	837678798	pilot_pipeline_smoke_test	download_only	pending
7	SRR16264720	PRJNA769733	SAMN22168674	Escherichia coli str. K-12 substr. MG1655	Bisulfite-Seq	methylomics	443180303	2933049	880825922	pilot_pipeline_smoke_test	download_only	pending
8	SRR12301664	PRJNA648047	SAMN15617565	Escherichia coli str. K-12 substr. MG1655	ChIP-Seq	regulomics	22450650	324361	42082168	pilot_pipeline_smoke_test	download_only	pending
9	SRR12301632	PRJNA648047	SAMN15617569	Escherichia coli str. K-12 substr. MG1655	ChIP-Seq	regulomics	23541243	350871	46589765	pilot_pipeline_smoke_test	download_only	pending
10	SRR30919199	PRJNA951054	SAMN44109059	Escherichia coli str. K-12 substr. MG1655	ChIP-Seq	regulomics	26216948	958431	39295671	pilot_pipeline_smoke_test	download_only	pending
11	SRR1168159	PRJNA238007	SAMN02640329	Escherichia coli str. K-12 substr. MG1655	ChIP-Seq	regulomics	28298011	1100464	34114384	pilot_pipeline_smoke_test	download_only	pending
12	ERR16027350	PRJEB105423	SAMEA120821129	Escherichia coli str. K-12 substr. MG1655	ChIP-Seq	regulomics	29058787	1086591	28251366	pilot_pipeline_smoke_test	download_only	pending
13	SRR3086961	PRJNA258521	SAMN02999461	Escherichia coli str. K-12 substr. MG1655	ChIP-Seq	regulomics	29320402	926613	46190270	pilot_pipeline_smoke_test	download_only	pending
14	SRR1168161	PRJNA238007	SAMN02640328	Escherichia coli str. K-12 substr. MG1655	ChIP-Seq	regulomics	30137304	1241753	38494343	pilot_pipeline_smoke_test	download_only	pending
15	ERR4314149	PRJEB39185	SAMEA7034801	Escherichia coli str. K-12 substr. MG1655	ChIP-Seq	regulomics	31905678	934224	47645424	pilot_pipeline_smoke_test	download_only	pending
16	SRR30780364	PRJNA949415	SAMN33943310	Escherichia coli str. K-12 substr. MG1655	ChIP-Seq	regulomics	32473041	598384	51751275	pilot_pipeline_smoke_test	download_only	pending
17	SRR1145019	PRJNA236560	SAMN02596576	Escherichia coli str. K-12 substr. MG1655	ChIP-Seq	regulomics	32759736	769846	37738240	pilot_pipeline_smoke_test	download_only	pending
18	ERR4314150	PRJEB39185	SAMEA7034801	Escherichia coli str. K-12 substr. MG1655	ChIP-Seq	regulomics	33075807	958641	48890691	pilot_pipeline_smoke_test	download_only	pending
19	SRR30780351	PRJNA949415	SAMN33943311	Escherichia coli str. K-12 substr. MG1655	ChIP-Seq	regulomics	34484298	259645	59623105	pilot_pipeline_smoke_test	download_only	pending
20	ERR16027351	PRJEB105423	SAMEA120821130	Escherichia coli str. K-12 substr. MG1655	ChIP-Seq	regulomics	35409356	1425270	37057020	pilot_pipeline_smoke_test	download_only	pending
21	SRR12337223	PRJNA649104	SAMN15659517	Escherichia coli str. K-12 substr. MG1655	RIP-Seq	regulomics	55132373	3378680	97362364	pilot_pipeline_smoke_test	download_only	pending
22	SRR12337222	PRJNA649104	SAMN15659518	Escherichia coli str. K-12 substr. MG1655	RIP-Seq	regulomics	59391184	3705835	102832977	pilot_pipeline_smoke_test	download_only	pending
23	SRR25715294	PRJNA1007675	SAMN37099076	Escherichia coli str. K-12 substr. MG1655	RIP-Seq	regulomics	59659176	1583903	175813233	pilot_pipeline_smoke_test	download_only	pending
24	ERR1547228	PRJEB10931	SAMEA4355105	Escherichia coli str. K-12 substr. MG1655	RNA-Seq	transcriptomics	20979115	547310	40910517	pilot_pipeline_smoke_test	download_only	pending
25	SRR22879221	PRJNA915474	SAMN32386872	Escherichia coli str. K-12 substr. MG1655	ncRNA-Seq	transcriptomics	21084550	608759	24836392	pilot_pipeline_smoke_test	download_only	pending
26	SRR19643378	PRJNA848841	SAMN29017837	Escherichia coli str. K-12 substr. MG1655	RNA-Seq	transcriptomics	21107945	123991	37445282	pilot_pipeline_smoke_test	download_only	pending
27	SRR19643139	PRJNA848841	SAMN29018033	Escherichia coli str. K-12 substr. MG1655	RNA-Seq	transcriptomics	21246038	134801	40709902	pilot_pipeline_smoke_test	download_only	pending
28	SRR23750085	PRJNA942285	SAMN33684844	Escherichia coli str. K-12 substr. MG1655	RNA-Seq	transcriptomics	21645196	116941	112465524	pilot_pipeline_smoke_test	download_only	pending
29	SRR38227385	PRJNA1456594	SAMN57412844	Escherichia coli str. K-12 substr. MG1655	ncRNA-Seq	transcriptomics	24119997	348778	105330956	pilot_pipeline_smoke_test	download_only	pending
30	ERR3801416	PRJEB36111	SAMEA6460730	Escherichia coli str. K-12 substr. MG1655	RNA-Seq	transcriptomics	25398723	746665	56746540	pilot_pipeline_smoke_test	download_only	pending
31	SRR38227323	PRJNA1456594	SAMN57412836	Escherichia coli str. K-12 substr. MG1655	ncRNA-Seq	transcriptomics	27083695	1307013	128942269	pilot_pipeline_smoke_test	download_only	pending
32	SRR23750086	PRJNA942285	SAMN33684842	Escherichia coli str. K-12 substr. MG1655	RNA-Seq	transcriptomics	28146384	147914	143204359	pilot_pipeline_smoke_test	download_only	pending
33	SRR22879220	PRJNA915474	SAMN32386871	Escherichia coli str. K-12 substr. MG1655	ncRNA-Seq	transcriptomics	32770549	917604	40544909	pilot_pipeline_smoke_test	download_only	pending
34	ERR3801413	PRJEB36111	SAMEA6460727	Escherichia coli str. K-12 substr. MG1655	RNA-Seq	transcriptomics	34460753	1011390	76865640	pilot_pipeline_smoke_test	download_only	pending
35	ERR2534360	PRJEB26394	SAMEA4609128	Escherichia coli str. K-12 substr. MG1655	ssRNA-seq	transcriptomics	41132330	1133714	86162264	pilot_pipeline_smoke_test	download_only	pending
36	ERR6575017	PRJEB42756	SAMEA9554941	Escherichia coli str. K-12 substr. MG1655	ssRNA-seq	transcriptomics	74922812	2317479	117178741	pilot_pipeline_smoke_test	download_only	pending
